/*
Navicat MySQL Data Transfer

Source Server         : localhost
Source Server Version : 50718
Source Host           : localhost:3306
Source Database       : moneysys

Target Server Type    : MYSQL
Target Server Version : 50718
File Encoding         : 65001

Date: 2017-04-25 22:22:31
*/

SET FOREIGN_KEY_CHECKS=0;

-- ----------------------------
-- Table structure for account_sys
-- ----------------------------
DROP TABLE IF EXISTS `account_sys`;
CREATE TABLE `account_sys` (
  `id` int(10) NOT NULL AUTO_INCREMENT,
  `bank_no` varchar(20) DEFAULT NULL COMMENT '银行账号',
  `bank_name` varchar(20) DEFAULT NULL COMMENT '银行名称',
  `open_person` varchar(255) DEFAULT NULL COMMENT '开户人',
  `open_user_id` varchar(20) DEFAULT NULL,
  `money_left` varchar(255) DEFAULT NULL COMMENT '存款',
  `open_date` datetime DEFAULT NULL COMMENT '开户日期',
  `status` int(2) DEFAULT NULL COMMENT '是否定期',
  PRIMARY KEY (`id`)
) ENGINE=InnoDB DEFAULT CHARSET=utf8;

-- ----------------------------
-- Records of account_sys
-- ----------------------------

-- ----------------------------
-- Table structure for choose_sys
-- ----------------------------
DROP TABLE IF EXISTS `choose_sys`;
CREATE TABLE `choose_sys` (
  `id` int(10) NOT NULL AUTO_INCREMENT,
  `pro_no` varchar(10) DEFAULT NULL COMMENT '项目编号',
  `pro_name` varchar(255) DEFAULT NULL COMMENT '项目名称',
  `choose_date` datetime DEFAULT NULL COMMENT '投资日期',
  `put_money` varchar(255) DEFAULT NULL COMMENT '投资资出',
  `in_money` varchar(255) DEFAULT NULL COMMENT '投资收入',
  PRIMARY KEY (`id`)
) ENGINE=InnoDB DEFAULT CHARSET=utf8;

-- ----------------------------
-- Records of choose_sys
-- ----------------------------

-- ----------------------------
-- Table structure for in_money
-- ----------------------------
DROP TABLE IF EXISTS `in_money`;
CREATE TABLE `in_money` (
  `id` int(10) NOT NULL AUTO_INCREMENT,
  `in_date` datetime DEFAULT NULL COMMENT '借出日期',
  `in_name` varchar(255) DEFAULT NULL COMMENT '收钱者姓名',
  `money` varchar(255) DEFAULT NULL COMMENT '金额',
  PRIMARY KEY (`id`)
) ENGINE=InnoDB DEFAULT CHARSET=utf8;

-- ----------------------------
-- Records of in_money
-- ----------------------------

-- ----------------------------
-- Table structure for in_money_sys
-- ----------------------------
DROP TABLE IF EXISTS `in_money_sys`;
CREATE TABLE `in_money_sys` (
  `id` int(10) NOT NULL AUTO_INCREMENT,
  `pro_no` varchar(10) DEFAULT NULL COMMENT '项目编号',
  `pro_name` varchar(255) DEFAULT NULL COMMENT '项目名称',
  `user_id` varchar(20) DEFAULT NULL,
  `user_name` varchar(255) DEFAULT NULL,
  `in_money` varchar(255) DEFAULT NULL,
  `date_time` datetime DEFAULT NULL,
  PRIMARY KEY (`id`)
) ENGINE=InnoDB DEFAULT CHARSET=utf8;

-- ----------------------------
-- Records of in_money_sys
-- ----------------------------

-- ----------------------------
-- Table structure for out_money
-- ----------------------------
DROP TABLE IF EXISTS `out_money`;
CREATE TABLE `out_money` (
  `id` int(10) NOT NULL AUTO_INCREMENT,
  `out_date` datetime DEFAULT NULL COMMENT '借出日期',
  `out_name` varchar(255) DEFAULT NULL COMMENT '收钱者姓名',
  `money` varchar(255) DEFAULT NULL COMMENT '金额',
  PRIMARY KEY (`id`)
) ENGINE=InnoDB DEFAULT CHARSET=utf8;

-- ----------------------------
-- Records of out_money
-- ----------------------------

-- ----------------------------
-- Table structure for out_money_sys
-- ----------------------------
DROP TABLE IF EXISTS `out_money_sys`;
CREATE TABLE `out_money_sys` (
  `id` int(10) NOT NULL AUTO_INCREMENT,
  `pro_no` varchar(10) DEFAULT NULL COMMENT '项目编号',
  `pro_name` varchar(255) DEFAULT NULL COMMENT '项目名称',
  `user_id` varchar(20) DEFAULT NULL,
  `user_name` varchar(255) DEFAULT NULL,
  `out_money` varchar(255) DEFAULT NULL,
  `date_time` datetime DEFAULT NULL,
  PRIMARY KEY (`id`)
) ENGINE=InnoDB DEFAULT CHARSET=utf8;

-- ----------------------------
-- Records of out_money_sys
-- ----------------------------

-- ----------------------------
-- Table structure for qrtz_blob_triggers
-- ----------------------------
DROP TABLE IF EXISTS `qrtz_blob_triggers`;
CREATE TABLE `qrtz_blob_triggers` (
  `SCHED_NAME` varchar(120) NOT NULL,
  `TRIGGER_NAME` varchar(200) NOT NULL,
  `TRIGGER_GROUP` varchar(200) NOT NULL,
  `BLOB_DATA` blob,
  PRIMARY KEY (`SCHED_NAME`,`TRIGGER_NAME`,`TRIGGER_GROUP`),
  KEY `SCHED_NAME` (`SCHED_NAME`,`TRIGGER_NAME`,`TRIGGER_GROUP`),
  CONSTRAINT `qrtz_blob_triggers_ibfk_1` FOREIGN KEY (`SCHED_NAME`, `TRIGGER_NAME`, `TRIGGER_GROUP`) REFERENCES `qrtz_triggers` (`SCHED_NAME`, `TRIGGER_NAME`, `TRIGGER_GROUP`)
) ENGINE=InnoDB DEFAULT CHARSET=utf8;

-- ----------------------------
-- Records of qrtz_blob_triggers
-- ----------------------------

-- ----------------------------
-- Table structure for qrtz_calendars
-- ----------------------------
DROP TABLE IF EXISTS `qrtz_calendars`;
CREATE TABLE `qrtz_calendars` (
  `SCHED_NAME` varchar(120) NOT NULL,
  `CALENDAR_NAME` varchar(200) NOT NULL,
  `CALENDAR` blob NOT NULL,
  PRIMARY KEY (`SCHED_NAME`,`CALENDAR_NAME`)
) ENGINE=InnoDB DEFAULT CHARSET=utf8;

-- ----------------------------
-- Records of qrtz_calendars
-- ----------------------------

-- ----------------------------
-- Table structure for qrtz_cron_triggers
-- ----------------------------
DROP TABLE IF EXISTS `qrtz_cron_triggers`;
CREATE TABLE `qrtz_cron_triggers` (
  `SCHED_NAME` varchar(120) NOT NULL,
  `TRIGGER_NAME` varchar(200) NOT NULL,
  `TRIGGER_GROUP` varchar(200) NOT NULL,
  `CRON_EXPRESSION` varchar(120) NOT NULL,
  `TIME_ZONE_ID` varchar(80) DEFAULT NULL,
  PRIMARY KEY (`SCHED_NAME`,`TRIGGER_NAME`,`TRIGGER_GROUP`),
  CONSTRAINT `qrtz_cron_triggers_ibfk_1` FOREIGN KEY (`SCHED_NAME`, `TRIGGER_NAME`, `TRIGGER_GROUP`) REFERENCES `qrtz_triggers` (`SCHED_NAME`, `TRIGGER_NAME`, `TRIGGER_GROUP`)
) ENGINE=InnoDB DEFAULT CHARSET=utf8;

-- ----------------------------
-- Records of qrtz_cron_triggers
-- ----------------------------
INSERT INTO `qrtz_cron_triggers` VALUES ('RenrenScheduler', 'TASK_1', 'DEFAULT', '0 0/30 * * * ?', 'Asia/Shanghai');
INSERT INTO `qrtz_cron_triggers` VALUES ('RenrenScheduler', 'TASK_2', 'DEFAULT', '0 0/30 * * * ?', 'Asia/Shanghai');

-- ----------------------------
-- Table structure for qrtz_fired_triggers
-- ----------------------------
DROP TABLE IF EXISTS `qrtz_fired_triggers`;
CREATE TABLE `qrtz_fired_triggers` (
  `SCHED_NAME` varchar(120) NOT NULL,
  `ENTRY_ID` varchar(95) NOT NULL,
  `TRIGGER_NAME` varchar(200) NOT NULL,
  `TRIGGER_GROUP` varchar(200) NOT NULL,
  `INSTANCE_NAME` varchar(200) NOT NULL,
  `FIRED_TIME` bigint(13) NOT NULL,
  `SCHED_TIME` bigint(13) NOT NULL,
  `PRIORITY` int(11) NOT NULL,
  `STATE` varchar(16) NOT NULL,
  `JOB_NAME` varchar(200) DEFAULT NULL,
  `JOB_GROUP` varchar(200) DEFAULT NULL,
  `IS_NONCONCURRENT` varchar(1) DEFAULT NULL,
  `REQUESTS_RECOVERY` varchar(1) DEFAULT NULL,
  PRIMARY KEY (`SCHED_NAME`,`ENTRY_ID`),
  KEY `IDX_QRTZ_FT_TRIG_INST_NAME` (`SCHED_NAME`,`INSTANCE_NAME`),
  KEY `IDX_QRTZ_FT_INST_JOB_REQ_RCVRY` (`SCHED_NAME`,`INSTANCE_NAME`,`REQUESTS_RECOVERY`),
  KEY `IDX_QRTZ_FT_J_G` (`SCHED_NAME`,`JOB_NAME`,`JOB_GROUP`),
  KEY `IDX_QRTZ_FT_JG` (`SCHED_NAME`,`JOB_GROUP`),
  KEY `IDX_QRTZ_FT_T_G` (`SCHED_NAME`,`TRIGGER_NAME`,`TRIGGER_GROUP`),
  KEY `IDX_QRTZ_FT_TG` (`SCHED_NAME`,`TRIGGER_GROUP`)
) ENGINE=InnoDB DEFAULT CHARSET=utf8;

-- ----------------------------
-- Records of qrtz_fired_triggers
-- ----------------------------

-- ----------------------------
-- Table structure for qrtz_job_details
-- ----------------------------
DROP TABLE IF EXISTS `qrtz_job_details`;
CREATE TABLE `qrtz_job_details` (
  `SCHED_NAME` varchar(120) NOT NULL,
  `JOB_NAME` varchar(200) NOT NULL,
  `JOB_GROUP` varchar(200) NOT NULL,
  `DESCRIPTION` varchar(250) DEFAULT NULL,
  `JOB_CLASS_NAME` varchar(250) NOT NULL,
  `IS_DURABLE` varchar(1) NOT NULL,
  `IS_NONCONCURRENT` varchar(1) NOT NULL,
  `IS_UPDATE_DATA` varchar(1) NOT NULL,
  `REQUESTS_RECOVERY` varchar(1) NOT NULL,
  `JOB_DATA` blob,
  PRIMARY KEY (`SCHED_NAME`,`JOB_NAME`,`JOB_GROUP`),
  KEY `IDX_QRTZ_J_REQ_RECOVERY` (`SCHED_NAME`,`REQUESTS_RECOVERY`),
  KEY `IDX_QRTZ_J_GRP` (`SCHED_NAME`,`JOB_GROUP`)
) ENGINE=InnoDB DEFAULT CHARSET=utf8;

-- ----------------------------
-- Records of qrtz_job_details
-- ----------------------------
INSERT INTO `qrtz_job_details` VALUES ('RenrenScheduler', 'TASK_1', 'DEFAULT', null, 'io.renren.utils.ScheduleJob', '0', '0', '0', '0', 0xACED0005737200156F72672E71756172747A2E4A6F62446174614D61709FB083E8BFA9B0CB020000787200266F72672E71756172747A2E7574696C732E537472696E674B65794469727479466C61674D61708208E8C3FBC55D280200015A0013616C6C6F77735472616E7369656E74446174617872001D6F72672E71756172747A2E7574696C732E4469727479466C61674D617013E62EAD28760ACE0200025A000564697274794C00036D617074000F4C6A6176612F7574696C2F4D61703B787001737200116A6176612E7574696C2E486173684D61700507DAC1C31660D103000246000A6C6F6164466163746F724900097468726573686F6C6478703F4000000000000C7708000000100000000174000D4A4F425F504152414D5F4B455973720022696F2E72656E72656E2E656E746974792E5363686564756C654A6F62456E7469747900000000000000010200084C00086265616E4E616D657400124C6A6176612F6C616E672F537472696E673B4C000A63726561746554696D657400104C6A6176612F7574696C2F446174653B4C000E63726F6E45787072657373696F6E71007E00094C00056A6F6249647400104C6A6176612F6C616E672F4C6F6E673B4C000A6D6574686F644E616D6571007E00094C0006706172616D7371007E00094C000672656D61726B71007E00094C00067374617475737400134C6A6176612F6C616E672F496E74656765723B7870740008746573745461736B7372000E6A6176612E7574696C2E44617465686A81014B5974190300007870770800000158BAF593307874000E3020302F3330202A202A202A203F7372000E6A6176612E6C616E672E4C6F6E673B8BE490CC8F23DF0200014A000576616C7565787200106A6176612E6C616E672E4E756D62657286AC951D0B94E08B020000787000000000000000017400047465737474000672656E72656E74000FE69C89E58F82E695B0E6B58BE8AF95737200116A6176612E6C616E672E496E746567657212E2A0A4F781873802000149000576616C75657871007E0013000000007800);
INSERT INTO `qrtz_job_details` VALUES ('RenrenScheduler', 'TASK_2', 'DEFAULT', null, 'io.renren.utils.ScheduleJob', '0', '0', '0', '0', 0xACED0005737200156F72672E71756172747A2E4A6F62446174614D61709FB083E8BFA9B0CB020000787200266F72672E71756172747A2E7574696C732E537472696E674B65794469727479466C61674D61708208E8C3FBC55D280200015A0013616C6C6F77735472616E7369656E74446174617872001D6F72672E71756172747A2E7574696C732E4469727479466C61674D617013E62EAD28760ACE0200025A000564697274794C00036D617074000F4C6A6176612F7574696C2F4D61703B787001737200116A6176612E7574696C2E486173684D61700507DAC1C31660D103000246000A6C6F6164466163746F724900097468726573686F6C6478703F4000000000000C7708000000100000000174000D4A4F425F504152414D5F4B455973720022696F2E72656E72656E2E656E746974792E5363686564756C654A6F62456E7469747900000000000000010200084C00086265616E4E616D657400124C6A6176612F6C616E672F537472696E673B4C000A63726561746554696D657400104C6A6176612F7574696C2F446174653B4C000E63726F6E45787072657373696F6E71007E00094C00056A6F6249647400104C6A6176612F6C616E672F4C6F6E673B4C000A6D6574686F644E616D6571007E00094C0006706172616D7371007E00094C000672656D61726B71007E00094C00067374617475737400134C6A6176612F6C616E672F496E74656765723B7870740008746573745461736B7372000E6A6176612E7574696C2E44617465686A81014B5974190300007870770800000158C377C4607874000E3020302F3330202A202A202A203F7372000E6A6176612E6C616E672E4C6F6E673B8BE490CC8F23DF0200014A000576616C7565787200106A6176612E6C616E672E4E756D62657286AC951D0B94E08B0200007870000000000000000274000574657374327074000FE697A0E58F82E695B0E6B58BE8AF95737200116A6176612E6C616E672E496E746567657212E2A0A4F781873802000149000576616C75657871007E0013000000017800);

-- ----------------------------
-- Table structure for qrtz_locks
-- ----------------------------
DROP TABLE IF EXISTS `qrtz_locks`;
CREATE TABLE `qrtz_locks` (
  `SCHED_NAME` varchar(120) NOT NULL,
  `LOCK_NAME` varchar(40) NOT NULL,
  PRIMARY KEY (`SCHED_NAME`,`LOCK_NAME`)
) ENGINE=InnoDB DEFAULT CHARSET=utf8;

-- ----------------------------
-- Records of qrtz_locks
-- ----------------------------
INSERT INTO `qrtz_locks` VALUES ('RenrenScheduler', 'STATE_ACCESS');
INSERT INTO `qrtz_locks` VALUES ('RenrenScheduler', 'TRIGGER_ACCESS');

-- ----------------------------
-- Table structure for qrtz_paused_trigger_grps
-- ----------------------------
DROP TABLE IF EXISTS `qrtz_paused_trigger_grps`;
CREATE TABLE `qrtz_paused_trigger_grps` (
  `SCHED_NAME` varchar(120) NOT NULL,
  `TRIGGER_GROUP` varchar(200) NOT NULL,
  PRIMARY KEY (`SCHED_NAME`,`TRIGGER_GROUP`)
) ENGINE=InnoDB DEFAULT CHARSET=utf8;

-- ----------------------------
-- Records of qrtz_paused_trigger_grps
-- ----------------------------

-- ----------------------------
-- Table structure for qrtz_scheduler_state
-- ----------------------------
DROP TABLE IF EXISTS `qrtz_scheduler_state`;
CREATE TABLE `qrtz_scheduler_state` (
  `SCHED_NAME` varchar(120) NOT NULL,
  `INSTANCE_NAME` varchar(200) NOT NULL,
  `LAST_CHECKIN_TIME` bigint(13) NOT NULL,
  `CHECKIN_INTERVAL` bigint(13) NOT NULL,
  PRIMARY KEY (`SCHED_NAME`,`INSTANCE_NAME`)
) ENGINE=InnoDB DEFAULT CHARSET=utf8;

-- ----------------------------
-- Records of qrtz_scheduler_state
-- ----------------------------
INSERT INTO `qrtz_scheduler_state` VALUES ('RenrenScheduler', 'Mi_amor1493129966194', '1493130106118', '15000');

-- ----------------------------
-- Table structure for qrtz_simple_triggers
-- ----------------------------
DROP TABLE IF EXISTS `qrtz_simple_triggers`;
CREATE TABLE `qrtz_simple_triggers` (
  `SCHED_NAME` varchar(120) NOT NULL,
  `TRIGGER_NAME` varchar(200) NOT NULL,
  `TRIGGER_GROUP` varchar(200) NOT NULL,
  `REPEAT_COUNT` bigint(7) NOT NULL,
  `REPEAT_INTERVAL` bigint(12) NOT NULL,
  `TIMES_TRIGGERED` bigint(10) NOT NULL,
  PRIMARY KEY (`SCHED_NAME`,`TRIGGER_NAME`,`TRIGGER_GROUP`),
  CONSTRAINT `qrtz_simple_triggers_ibfk_1` FOREIGN KEY (`SCHED_NAME`, `TRIGGER_NAME`, `TRIGGER_GROUP`) REFERENCES `qrtz_triggers` (`SCHED_NAME`, `TRIGGER_NAME`, `TRIGGER_GROUP`)
) ENGINE=InnoDB DEFAULT CHARSET=utf8;

-- ----------------------------
-- Records of qrtz_simple_triggers
-- ----------------------------

-- ----------------------------
-- Table structure for qrtz_simprop_triggers
-- ----------------------------
DROP TABLE IF EXISTS `qrtz_simprop_triggers`;
CREATE TABLE `qrtz_simprop_triggers` (
  `SCHED_NAME` varchar(120) NOT NULL,
  `TRIGGER_NAME` varchar(200) NOT NULL,
  `TRIGGER_GROUP` varchar(200) NOT NULL,
  `STR_PROP_1` varchar(512) DEFAULT NULL,
  `STR_PROP_2` varchar(512) DEFAULT NULL,
  `STR_PROP_3` varchar(512) DEFAULT NULL,
  `INT_PROP_1` int(11) DEFAULT NULL,
  `INT_PROP_2` int(11) DEFAULT NULL,
  `LONG_PROP_1` bigint(20) DEFAULT NULL,
  `LONG_PROP_2` bigint(20) DEFAULT NULL,
  `DEC_PROP_1` decimal(13,4) DEFAULT NULL,
  `DEC_PROP_2` decimal(13,4) DEFAULT NULL,
  `BOOL_PROP_1` varchar(1) DEFAULT NULL,
  `BOOL_PROP_2` varchar(1) DEFAULT NULL,
  PRIMARY KEY (`SCHED_NAME`,`TRIGGER_NAME`,`TRIGGER_GROUP`),
  CONSTRAINT `qrtz_simprop_triggers_ibfk_1` FOREIGN KEY (`SCHED_NAME`, `TRIGGER_NAME`, `TRIGGER_GROUP`) REFERENCES `qrtz_triggers` (`SCHED_NAME`, `TRIGGER_NAME`, `TRIGGER_GROUP`)
) ENGINE=InnoDB DEFAULT CHARSET=utf8;

-- ----------------------------
-- Records of qrtz_simprop_triggers
-- ----------------------------

-- ----------------------------
-- Table structure for qrtz_triggers
-- ----------------------------
DROP TABLE IF EXISTS `qrtz_triggers`;
CREATE TABLE `qrtz_triggers` (
  `SCHED_NAME` varchar(120) NOT NULL,
  `TRIGGER_NAME` varchar(200) NOT NULL,
  `TRIGGER_GROUP` varchar(200) NOT NULL,
  `JOB_NAME` varchar(200) NOT NULL,
  `JOB_GROUP` varchar(200) NOT NULL,
  `DESCRIPTION` varchar(250) DEFAULT NULL,
  `NEXT_FIRE_TIME` bigint(13) DEFAULT NULL,
  `PREV_FIRE_TIME` bigint(13) DEFAULT NULL,
  `PRIORITY` int(11) DEFAULT NULL,
  `TRIGGER_STATE` varchar(16) NOT NULL,
  `TRIGGER_TYPE` varchar(8) NOT NULL,
  `START_TIME` bigint(13) NOT NULL,
  `END_TIME` bigint(13) DEFAULT NULL,
  `CALENDAR_NAME` varchar(200) DEFAULT NULL,
  `MISFIRE_INSTR` smallint(2) DEFAULT NULL,
  `JOB_DATA` blob,
  PRIMARY KEY (`SCHED_NAME`,`TRIGGER_NAME`,`TRIGGER_GROUP`),
  KEY `IDX_QRTZ_T_J` (`SCHED_NAME`,`JOB_NAME`,`JOB_GROUP`),
  KEY `IDX_QRTZ_T_JG` (`SCHED_NAME`,`JOB_GROUP`),
  KEY `IDX_QRTZ_T_C` (`SCHED_NAME`,`CALENDAR_NAME`),
  KEY `IDX_QRTZ_T_G` (`SCHED_NAME`,`TRIGGER_GROUP`),
  KEY `IDX_QRTZ_T_STATE` (`SCHED_NAME`,`TRIGGER_STATE`),
  KEY `IDX_QRTZ_T_N_STATE` (`SCHED_NAME`,`TRIGGER_NAME`,`TRIGGER_GROUP`,`TRIGGER_STATE`),
  KEY `IDX_QRTZ_T_N_G_STATE` (`SCHED_NAME`,`TRIGGER_GROUP`,`TRIGGER_STATE`),
  KEY `IDX_QRTZ_T_NEXT_FIRE_TIME` (`SCHED_NAME`,`NEXT_FIRE_TIME`),
  KEY `IDX_QRTZ_T_NFT_ST` (`SCHED_NAME`,`TRIGGER_STATE`,`NEXT_FIRE_TIME`),
  KEY `IDX_QRTZ_T_NFT_MISFIRE` (`SCHED_NAME`,`MISFIRE_INSTR`,`NEXT_FIRE_TIME`),
  KEY `IDX_QRTZ_T_NFT_ST_MISFIRE` (`SCHED_NAME`,`MISFIRE_INSTR`,`NEXT_FIRE_TIME`,`TRIGGER_STATE`),
  KEY `IDX_QRTZ_T_NFT_ST_MISFIRE_GRP` (`SCHED_NAME`,`MISFIRE_INSTR`,`NEXT_FIRE_TIME`,`TRIGGER_GROUP`,`TRIGGER_STATE`),
  CONSTRAINT `qrtz_triggers_ibfk_1` FOREIGN KEY (`SCHED_NAME`, `JOB_NAME`, `JOB_GROUP`) REFERENCES `qrtz_job_details` (`SCHED_NAME`, `JOB_NAME`, `JOB_GROUP`)
) ENGINE=InnoDB DEFAULT CHARSET=utf8;

-- ----------------------------
-- Records of qrtz_triggers
-- ----------------------------
INSERT INTO `qrtz_triggers` VALUES ('RenrenScheduler', 'TASK_1', 'DEFAULT', 'TASK_1', 'DEFAULT', null, '1483630200000', '-1', '5', 'PAUSED', 'CRON', '1483629801000', '0', null, '0', 0xACED0005737200156F72672E71756172747A2E4A6F62446174614D61709FB083E8BFA9B0CB020000787200266F72672E71756172747A2E7574696C732E537472696E674B65794469727479466C61674D61708208E8C3FBC55D280200015A0013616C6C6F77735472616E7369656E74446174617872001D6F72672E71756172747A2E7574696C732E4469727479466C61674D617013E62EAD28760ACE0200025A000564697274794C00036D617074000F4C6A6176612F7574696C2F4D61703B787001737200116A6176612E7574696C2E486173684D61700507DAC1C31660D103000246000A6C6F6164466163746F724900097468726573686F6C6478703F4000000000000C7708000000100000000174000D4A4F425F504152414D5F4B455973720022696F2E72656E72656E2E656E746974792E5363686564756C654A6F62456E7469747900000000000000010200084C00086265616E4E616D657400124C6A6176612F6C616E672F537472696E673B4C000A63726561746554696D657400104C6A6176612F7574696C2F446174653B4C000E63726F6E45787072657373696F6E71007E00094C00056A6F6249647400104C6A6176612F6C616E672F4C6F6E673B4C000A6D6574686F644E616D6571007E00094C0006706172616D7371007E00094C000672656D61726B71007E00094C00067374617475737400134C6A6176612F6C616E672F496E74656765723B7870740008746573745461736B7372000E6A6176612E7574696C2E44617465686A81014B5974190300007870770800000158BAF593307874000E3020302F3330202A202A202A203F7372000E6A6176612E6C616E672E4C6F6E673B8BE490CC8F23DF0200014A000576616C7565787200106A6176612E6C616E672E4E756D62657286AC951D0B94E08B020000787000000000000000017400047465737474000672656E72656E74000FE69C89E58F82E695B0E6B58BE8AF95737200116A6176612E6C616E672E496E746567657212E2A0A4F781873802000149000576616C75657871007E0013000000017800);
INSERT INTO `qrtz_triggers` VALUES ('RenrenScheduler', 'TASK_2', 'DEFAULT', 'TASK_2', 'DEFAULT', null, '1483630200000', '-1', '5', 'PAUSED', 'CRON', '1483629801000', '0', null, '0', 0xACED0005737200156F72672E71756172747A2E4A6F62446174614D61709FB083E8BFA9B0CB020000787200266F72672E71756172747A2E7574696C732E537472696E674B65794469727479466C61674D61708208E8C3FBC55D280200015A0013616C6C6F77735472616E7369656E74446174617872001D6F72672E71756172747A2E7574696C732E4469727479466C61674D617013E62EAD28760ACE0200025A000564697274794C00036D617074000F4C6A6176612F7574696C2F4D61703B787001737200116A6176612E7574696C2E486173684D61700507DAC1C31660D103000246000A6C6F6164466163746F724900097468726573686F6C6478703F4000000000000C7708000000100000000174000D4A4F425F504152414D5F4B455973720022696F2E72656E72656E2E656E746974792E5363686564756C654A6F62456E7469747900000000000000010200084C00086265616E4E616D657400124C6A6176612F6C616E672F537472696E673B4C000A63726561746554696D657400104C6A6176612F7574696C2F446174653B4C000E63726F6E45787072657373696F6E71007E00094C00056A6F6249647400104C6A6176612F6C616E672F4C6F6E673B4C000A6D6574686F644E616D6571007E00094C0006706172616D7371007E00094C000672656D61726B71007E00094C00067374617475737400134C6A6176612F6C616E672F496E74656765723B7870740008746573745461736B7372000E6A6176612E7574696C2E44617465686A81014B5974190300007870770800000158C377C4607874000E3020302F3330202A202A202A203F7372000E6A6176612E6C616E672E4C6F6E673B8BE490CC8F23DF0200014A000576616C7565787200106A6176612E6C616E672E4E756D62657286AC951D0B94E08B0200007870000000000000000274000574657374327074000FE697A0E58F82E695B0E6B58BE8AF95737200116A6176612E6C616E672E496E746567657212E2A0A4F781873802000149000576616C75657871007E0013000000017800);

-- ----------------------------
-- Table structure for schedule_job
-- ----------------------------
DROP TABLE IF EXISTS `schedule_job`;
CREATE TABLE `schedule_job` (
  `job_id` bigint(20) NOT NULL AUTO_INCREMENT COMMENT '任务id',
  `bean_name` varchar(200) DEFAULT NULL COMMENT 'spring bean名称',
  `method_name` varchar(100) DEFAULT NULL COMMENT '方法名',
  `params` varchar(2000) DEFAULT NULL COMMENT '参数',
  `cron_expression` varchar(100) DEFAULT NULL COMMENT 'cron表达式',
  `status` tinyint(4) DEFAULT NULL COMMENT '任务状态',
  `remark` varchar(255) DEFAULT NULL COMMENT '备注',
  `create_time` datetime DEFAULT NULL COMMENT '创建时间',
  PRIMARY KEY (`job_id`)
) ENGINE=InnoDB AUTO_INCREMENT=3 DEFAULT CHARSET=utf8 COMMENT='定时任务';

-- ----------------------------
-- Records of schedule_job
-- ----------------------------
INSERT INTO `schedule_job` VALUES ('1', 'testTask', 'test', 'renren', '0 0/30 * * * ?', '1', '有参数测试', '2016-12-01 23:16:46');
INSERT INTO `schedule_job` VALUES ('2', 'testTask', 'test2', null, '0 0/30 * * * ?', '1', '无参数测试', '2016-12-03 14:55:56');

-- ----------------------------
-- Table structure for schedule_job_log
-- ----------------------------
DROP TABLE IF EXISTS `schedule_job_log`;
CREATE TABLE `schedule_job_log` (
  `log_id` bigint(20) NOT NULL AUTO_INCREMENT COMMENT '任务日志id',
  `job_id` bigint(20) NOT NULL COMMENT '任务id',
  `bean_name` varchar(200) DEFAULT NULL COMMENT 'spring bean名称',
  `method_name` varchar(100) DEFAULT NULL COMMENT '方法名',
  `params` varchar(2000) DEFAULT NULL COMMENT '参数',
  `status` tinyint(4) NOT NULL COMMENT '任务状态    0：成功    1：失败',
  `error` varchar(2000) DEFAULT NULL COMMENT '失败信息',
  `times` int(11) NOT NULL COMMENT '耗时(单位：毫秒)',
  `create_time` datetime DEFAULT NULL COMMENT '创建时间',
  PRIMARY KEY (`log_id`),
  KEY `job_id` (`job_id`)
) ENGINE=InnoDB AUTO_INCREMENT=25 DEFAULT CHARSET=utf8 COMMENT='定时任务日志';

-- ----------------------------
-- Records of schedule_job_log
-- ----------------------------
INSERT INTO `schedule_job_log` VALUES ('1', '1', 'testTask', 'test', 'renren', '0', null, '1047', '2017-01-05 23:30:00');
INSERT INTO `schedule_job_log` VALUES ('2', '1', 'testTask', 'test', 'renren', '0', null, '1044', '2017-01-06 22:51:43');
INSERT INTO `schedule_job_log` VALUES ('3', '1', 'testTask', 'test', 'renren', '0', null, '1036', '2017-01-06 22:55:05');
INSERT INTO `schedule_job_log` VALUES ('4', '1', 'testTask', 'test', 'renren', '0', null, '1010', '2017-01-06 23:00:00');
INSERT INTO `schedule_job_log` VALUES ('5', '1', 'testTask', 'test', 'renren', '0', null, '1013', '2017-01-09 17:18:08');
INSERT INTO `schedule_job_log` VALUES ('6', '1', 'testTask', 'test', 'renren', '0', null, '1010', '2017-01-09 17:30:00');
INSERT INTO `schedule_job_log` VALUES ('7', '1', 'testTask', 'test', 'renren', '0', null, '1039', '2017-01-09 17:55:46');
INSERT INTO `schedule_job_log` VALUES ('8', '1', 'testTask', 'test', 'renren', '0', null, '1010', '2017-01-09 18:00:00');
INSERT INTO `schedule_job_log` VALUES ('9', '1', 'testTask', 'test', 'renren', '0', null, '1104', '2017-01-09 18:07:57');
INSERT INTO `schedule_job_log` VALUES ('10', '1', 'testTask', 'test', 'renren', '0', null, '1010', '2017-01-09 18:30:00');
INSERT INTO `schedule_job_log` VALUES ('11', '1', 'testTask', 'test', 'renren', '0', null, '1004', '2017-01-09 19:00:00');
INSERT INTO `schedule_job_log` VALUES ('12', '1', 'testTask', 'test', 'renren', '0', null, '1008', '2017-01-09 19:30:00');
INSERT INTO `schedule_job_log` VALUES ('13', '1', 'testTask', 'test', 'renren', '0', null, '1007', '2017-01-09 20:00:00');
INSERT INTO `schedule_job_log` VALUES ('14', '1', 'testTask', 'test', 'renren', '0', null, '1009', '2017-01-09 20:30:00');
INSERT INTO `schedule_job_log` VALUES ('15', '1', 'testTask', 'test', 'renren', '0', null, '1010', '2017-01-09 21:00:00');
INSERT INTO `schedule_job_log` VALUES ('16', '1', 'testTask', 'test', 'renren', '0', null, '1007', '2017-01-09 21:30:00');
INSERT INTO `schedule_job_log` VALUES ('17', '1', 'testTask', 'test', 'renren', '0', null, '1009', '2017-01-09 22:00:00');
INSERT INTO `schedule_job_log` VALUES ('18', '1', 'testTask', 'test', 'renren', '0', null, '1006', '2017-01-09 22:30:00');
INSERT INTO `schedule_job_log` VALUES ('19', '1', 'testTask', 'test', 'renren', '0', null, '1009', '2017-02-06 10:12:32');
INSERT INTO `schedule_job_log` VALUES ('20', '1', 'testTask', 'test', 'renren', '0', null, '1011', '2017-02-06 10:38:52');
INSERT INTO `schedule_job_log` VALUES ('21', '1', 'testTask', 'test', 'renren', '0', null, '1002', '2017-02-06 11:00:00');
INSERT INTO `schedule_job_log` VALUES ('22', '1', 'testTask', 'test', 'renren', '0', null, '1002', '2017-02-06 11:03:04');
INSERT INTO `schedule_job_log` VALUES ('23', '1', 'testTask', 'test', 'renren', '0', null, '1014', '2017-02-06 11:04:38');
INSERT INTO `schedule_job_log` VALUES ('24', '1', 'testTask', 'test', 'renren', '0', null, '1003', '2017-02-06 11:30:00');

-- ----------------------------
-- Table structure for sys_config
-- ----------------------------
DROP TABLE IF EXISTS `sys_config`;
CREATE TABLE `sys_config` (
  `id` bigint(20) NOT NULL AUTO_INCREMENT,
  `key` varchar(50) DEFAULT NULL COMMENT 'key',
  `value` varchar(2000) DEFAULT NULL COMMENT 'value',
  `status` tinyint(4) DEFAULT '1' COMMENT '状态   0：隐藏   1：显示',
  `remark` varchar(500) DEFAULT NULL COMMENT '备注',
  PRIMARY KEY (`id`),
  UNIQUE KEY `key` (`key`)
) ENGINE=InnoDB DEFAULT CHARSET=utf8 COMMENT='系统配置信息表';

-- ----------------------------
-- Records of sys_config
-- ----------------------------

-- ----------------------------
-- Table structure for sys_menu
-- ----------------------------
DROP TABLE IF EXISTS `sys_menu`;
CREATE TABLE `sys_menu` (
  `menu_id` bigint(20) NOT NULL AUTO_INCREMENT,
  `parent_id` bigint(20) DEFAULT NULL COMMENT '父菜单ID，一级菜单为0',
  `name` varchar(50) DEFAULT NULL COMMENT '菜单名称',
  `url` varchar(200) DEFAULT NULL COMMENT '菜单URL',
  `perms` varchar(500) DEFAULT NULL COMMENT '授权(多个用逗号分隔，如：user:list,user:create)',
  `type` int(11) DEFAULT NULL COMMENT '类型   0：目录   1：菜单   2：按钮',
  `icon` varchar(50) DEFAULT NULL COMMENT '菜单图标',
  `order_num` int(11) DEFAULT NULL COMMENT '排序',
  PRIMARY KEY (`menu_id`)
) ENGINE=InnoDB AUTO_INCREMENT=63 DEFAULT CHARSET=utf8 COMMENT='菜单管理';

-- ----------------------------
-- Records of sys_menu
-- ----------------------------
INSERT INTO `sys_menu` VALUES ('1', '0', '系统管理', null, null, '0', 'fa fa-cog', '5');
INSERT INTO `sys_menu` VALUES ('2', '1', '管理员列表', 'sys/user.html', null, '1', 'fa fa-user', '1');
INSERT INTO `sys_menu` VALUES ('3', '1', '角色管理', 'sys/role.html', null, '1', 'fa fa-user-secret', '2');
INSERT INTO `sys_menu` VALUES ('4', '1', '菜单管理', 'sys/menu.html', null, '1', 'fa fa-th-list', '3');
INSERT INTO `sys_menu` VALUES ('5', '1', 'SQL监控', 'druid/sql.html', null, '1', 'fa fa-bug', '4');
INSERT INTO `sys_menu` VALUES ('6', '1', '定时任务', 'sys/schedule.html', null, '1', 'fa fa-tasks', '5');
INSERT INTO `sys_menu` VALUES ('7', '6', '查看', null, 'sys:schedule:list,sys:schedule:info', '2', null, '0');
INSERT INTO `sys_menu` VALUES ('8', '6', '新增', null, 'sys:schedule:save', '2', null, '0');
INSERT INTO `sys_menu` VALUES ('9', '6', '修改', null, 'sys:schedule:update', '2', null, '0');
INSERT INTO `sys_menu` VALUES ('10', '6', '删除', null, 'sys:schedule:delete', '2', null, '0');
INSERT INTO `sys_menu` VALUES ('11', '6', '暂停', null, 'sys:schedule:pause', '2', null, '0');
INSERT INTO `sys_menu` VALUES ('12', '6', '恢复', null, 'sys:schedule:resume', '2', null, '0');
INSERT INTO `sys_menu` VALUES ('13', '6', '立即执行', null, 'sys:schedule:run', '2', null, '0');
INSERT INTO `sys_menu` VALUES ('14', '6', '日志列表', null, 'sys:schedule:log', '2', null, '0');
INSERT INTO `sys_menu` VALUES ('15', '2', '查看', null, 'sys:user:list,sys:user:info', '2', null, '0');
INSERT INTO `sys_menu` VALUES ('16', '2', '新增', null, 'sys:user:save,sys:role:select', '2', null, '0');
INSERT INTO `sys_menu` VALUES ('17', '2', '修改', null, 'sys:user:update,sys:role:select', '2', null, '0');
INSERT INTO `sys_menu` VALUES ('18', '2', '删除', null, 'sys:user:delete', '2', null, '0');
INSERT INTO `sys_menu` VALUES ('19', '3', '查看', null, 'sys:role:list,sys:role:info', '2', null, '0');
INSERT INTO `sys_menu` VALUES ('20', '3', '新增', null, 'sys:role:save,sys:menu:perms', '2', null, '0');
INSERT INTO `sys_menu` VALUES ('21', '3', '修改', null, 'sys:role:update,sys:menu:perms', '2', null, '0');
INSERT INTO `sys_menu` VALUES ('22', '3', '删除', null, 'sys:role:delete', '2', null, '0');
INSERT INTO `sys_menu` VALUES ('23', '4', '查看', null, 'sys:menu:list,sys:menu:info', '2', null, '0');
INSERT INTO `sys_menu` VALUES ('24', '4', '新增', null, 'sys:menu:save,sys:menu:select', '2', null, '0');
INSERT INTO `sys_menu` VALUES ('25', '4', '修改', null, 'sys:menu:update,sys:menu:select', '2', null, '0');
INSERT INTO `sys_menu` VALUES ('26', '4', '删除', null, 'sys:menu:delete', '2', null, '0');
INSERT INTO `sys_menu` VALUES ('27', '1', '参数管理', 'sys/config.html', 'sys:config:list,sys:config:info,sys:config:save,sys:config:update,sys:config:delete', '1', 'fa fa-sun-o', '6');
INSERT INTO `sys_menu` VALUES ('28', '1', '代码生成器', 'sys/generator.html', 'sys:generator:list,sys:generator:code', '1', 'fa fa-rocket', '7');
INSERT INTO `sys_menu` VALUES ('49', '0', '家庭成员管理', null, null, '0', 'fa fa-user-circle', '0');
INSERT INTO `sys_menu` VALUES ('50', '0', '家庭理财分析', null, null, '0', 'fa fa-area-chart', '0');
INSERT INTO `sys_menu` VALUES ('51', '0', '日常收支管理', 'outmoneysys/outmoneysys.html', 'outmoneysys:list', '0', 'fa fa-area-chart', '0');
INSERT INTO `sys_menu` VALUES ('52', '0', '银行信息管理', null, null, '0', 'fa fa-university', '0');
INSERT INTO `sys_menu` VALUES ('53', '0', '借还钱管理', null, null, '0', 'fa fa-credit-card', '0');
INSERT INTO `sys_menu` VALUES ('54', '0', '投资管理', 'choosesys/choosesys.html', 'choosesys:list', '1', 'fa fa-balance-scale', '0');
INSERT INTO `sys_menu` VALUES ('55', '0', '个人理财分析', null, null, '0', 'fa fa-user-secret', '0');
INSERT INTO `sys_menu` VALUES ('56', '0', '项目管理', null, null, '0', 'fa fa-book', '0');
INSERT INTO `sys_menu` VALUES ('57', '51', '支出项目管理', 'outmoneysys/outmoneysys.html', 'outmoneysys:info', '1', null, '0');
INSERT INTO `sys_menu` VALUES ('58', '51', '收入项目管理', 'inmoneysys/inmoneysys.html', 'inmoneysys:info', '1', null, '0');
INSERT INTO `sys_menu` VALUES ('59', '52', '活期账户管理', 'accountsys/accountsys.html', 'accountsys:list', '1', null, '0');
INSERT INTO `sys_menu` VALUES ('60', '52', '定期账户管理', 'accountsys/accountsys.html', 'accountsys:list', '1', null, '0');
INSERT INTO `sys_menu` VALUES ('61', '53', '借出管理', 'outmoney/outmoney.html', 'outmoney:list', '1', null, '0');
INSERT INTO `sys_menu` VALUES ('62', '53', '借入管理', 'inmoney/inmoney.html', 'inmoney:list', '1', null, '0');

-- ----------------------------
-- Table structure for sys_role
-- ----------------------------
DROP TABLE IF EXISTS `sys_role`;
CREATE TABLE `sys_role` (
  `role_id` bigint(20) NOT NULL AUTO_INCREMENT,
  `role_name` varchar(100) DEFAULT NULL COMMENT '角色名称',
  `remark` varchar(100) DEFAULT NULL COMMENT '备注',
  `create_time` datetime DEFAULT NULL COMMENT '创建时间',
  PRIMARY KEY (`role_id`)
) ENGINE=InnoDB AUTO_INCREMENT=5 DEFAULT CHARSET=utf8 COMMENT='角色';

-- ----------------------------
-- Records of sys_role
-- ----------------------------
INSERT INTO `sys_role` VALUES ('2', '管理员', '超级管理员', '2017-01-06 22:59:53');

-- ----------------------------
-- Table structure for sys_role_menu
-- ----------------------------
DROP TABLE IF EXISTS `sys_role_menu`;
CREATE TABLE `sys_role_menu` (
  `id` bigint(20) NOT NULL AUTO_INCREMENT,
  `role_id` bigint(20) DEFAULT NULL COMMENT '角色ID',
  `menu_id` bigint(20) DEFAULT NULL COMMENT '菜单ID',
  PRIMARY KEY (`id`)
) ENGINE=InnoDB AUTO_INCREMENT=271 DEFAULT CHARSET=utf8 COMMENT='角色与菜单对应关系';

-- ----------------------------
-- Records of sys_role_menu
-- ----------------------------
INSERT INTO `sys_role_menu` VALUES ('228', '2', '1');
INSERT INTO `sys_role_menu` VALUES ('229', '2', '2');
INSERT INTO `sys_role_menu` VALUES ('230', '2', '15');
INSERT INTO `sys_role_menu` VALUES ('231', '2', '16');
INSERT INTO `sys_role_menu` VALUES ('232', '2', '17');
INSERT INTO `sys_role_menu` VALUES ('233', '2', '18');
INSERT INTO `sys_role_menu` VALUES ('234', '2', '3');
INSERT INTO `sys_role_menu` VALUES ('235', '2', '19');
INSERT INTO `sys_role_menu` VALUES ('236', '2', '20');
INSERT INTO `sys_role_menu` VALUES ('237', '2', '21');
INSERT INTO `sys_role_menu` VALUES ('238', '2', '22');
INSERT INTO `sys_role_menu` VALUES ('239', '2', '4');
INSERT INTO `sys_role_menu` VALUES ('240', '2', '23');
INSERT INTO `sys_role_menu` VALUES ('241', '2', '24');
INSERT INTO `sys_role_menu` VALUES ('242', '2', '25');
INSERT INTO `sys_role_menu` VALUES ('243', '2', '26');
INSERT INTO `sys_role_menu` VALUES ('244', '2', '5');
INSERT INTO `sys_role_menu` VALUES ('245', '2', '6');
INSERT INTO `sys_role_menu` VALUES ('246', '2', '7');
INSERT INTO `sys_role_menu` VALUES ('247', '2', '8');
INSERT INTO `sys_role_menu` VALUES ('248', '2', '9');
INSERT INTO `sys_role_menu` VALUES ('249', '2', '10');
INSERT INTO `sys_role_menu` VALUES ('250', '2', '11');
INSERT INTO `sys_role_menu` VALUES ('251', '2', '12');
INSERT INTO `sys_role_menu` VALUES ('252', '2', '13');
INSERT INTO `sys_role_menu` VALUES ('253', '2', '14');
INSERT INTO `sys_role_menu` VALUES ('254', '2', '27');
INSERT INTO `sys_role_menu` VALUES ('255', '2', '28');

-- ----------------------------
-- Table structure for sys_user
-- ----------------------------
DROP TABLE IF EXISTS `sys_user`;
CREATE TABLE `sys_user` (
  `user_id` bigint(20) NOT NULL AUTO_INCREMENT,
  `username` varchar(50) NOT NULL COMMENT '用户名',
  `password` varchar(100) DEFAULT NULL COMMENT '密码',
  `email` varchar(100) DEFAULT NULL COMMENT '邮箱',
  `mobile` varchar(100) DEFAULT NULL COMMENT '手机号',
  `status` tinyint(4) DEFAULT NULL COMMENT '状态  0：禁用   1：正常',
  `create_time` datetime DEFAULT NULL COMMENT '创建时间',
  PRIMARY KEY (`user_id`),
  UNIQUE KEY `username` (`username`)
) ENGINE=InnoDB AUTO_INCREMENT=6 DEFAULT CHARSET=utf8 COMMENT='系统用户';

-- ----------------------------
-- Records of sys_user
-- ----------------------------
INSERT INTO `sys_user` VALUES ('1', 'admin', '8c6976e5b5410415bde908bd4dee15dfb167a9c873fc4bb8a81f6f2ab448a918', 'root@renren.io', '13612345678', '1', '2016-11-11 11:11:11');
INSERT INTO `sys_user` VALUES ('3', 'test001', '8d969eef6ecad3c29a3a629280e686cf0c3f5d5a86aff3ca12020c923adc6c92', '123@126.com', '123456789', '1', '2017-01-06 23:09:20');
INSERT INTO `sys_user` VALUES ('4', 'stu01', '859ff3c94650b484cd7ab1c2b1df173ff5021ea89970f5fab4df20fc54d034bf', '5@qq.com', '152', '1', '2017-02-06 11:23:41');
INSERT INTO `sys_user` VALUES ('5', 'tech01', 'c1140238c60aca29044da268bb77eff535e7e36c7035a9189291453be48eda8c', '33', '33', '1', '2017-02-06 13:53:51');

-- ----------------------------
-- Table structure for sys_user_role
-- ----------------------------
DROP TABLE IF EXISTS `sys_user_role`;
CREATE TABLE `sys_user_role` (
  `id` bigint(20) NOT NULL AUTO_INCREMENT,
  `user_id` bigint(20) DEFAULT NULL COMMENT '用户ID',
  `role_id` bigint(20) DEFAULT NULL COMMENT '角色ID',
  PRIMARY KEY (`id`)
) ENGINE=InnoDB AUTO_INCREMENT=5 DEFAULT CHARSET=utf8 COMMENT='用户与角色对应关系';

-- ----------------------------
-- Records of sys_user_role
-- ----------------------------
